City_ID,City,Lat,Lng,Max Temp,Humidity,Cloudiness,Wind Speed,Country,Date
0,bredasdorp,-34.5322,20.0403,17.28,98,100,1.57,ZA,1710814017
1,strezhevoy,60.7333,77.5889,-11.13,92,57,4.02,RU,1710814017
2,ushuaia,-54.8,-68.3,1.81,75,20,1.54,AR,1710813878
3,longyearbyen,78.2186,15.6401,-25.09,77,0,3.09,SJ,1710814018
4,grytviken,-54.2811,-36.5092,1.18,79,99,2.41,GS,1710814018
5,shenjiamen,29.9576,122.298,9.33,79,13,7.93,CN,1710814018
6,jamestown,42.097,-79.2353,-0.23,85,100,6.69,US,1710814009
7,kununurra,-15.7667,128.7333,32.99,62,45,3.6,AU,1710813841
8,tiksi,71.6872,128.8694,-20.58,87,47,3.21,RU,1710814018
9,bat khela,34.6167,71.9714,13.38,44,0,3.07,PK,1710814018
10,adamstown,-25.066,-130.1015,24.66,78,100,6.84,PN,1710814018
11,chonchi,-42.6128,-73.8092,12.56,93,100,1.91,CL,1710813732
12,belmonte,-15.8631,-38.8828,26.31,82,94,2.78,BR,1710814018
13,port-aux-francais,-49.35,70.2167,6.48,83,74,13.51,TF,1710814018
14,gharavuti,37.5672,68.4469,9.36,59,100,2.65,TJ,1710814018
15,weno,7.4515,151.8468,28.97,89,100,3.6,FM,1710814018
16,svilengrad,41.7667,26.2,8.76,78,61,0.92,BG,1710814019
17,song cau,13.45,109.2167,27.42,68,69,2.5,VN,1710814019
18,whakatane,-37.9585,176.9854,18.76,57,53,5.36,NZ,1710814019
19,tolanaro,-25.0319,46.9987,24.21,92,56,4.17,MG,1710814019
20,hermanus,-34.4187,19.2345,16.0,91,91,3.35,ZA,1710814019
21,coahuayana de hidalgo,18.7,-103.6583,21.95,89,75,0.65,MX,1710814019
22,waitangi,-43.9535,-176.5597,13.23,77,54,2.68,NZ,1710814019
23,sipalay,9.75,122.5,31.27,44,78,2.77,PH,1710814019
24,tete,-16.1564,33.5867,22.41,89,1,2.17,MZ,1710814019
25,iqaluit,63.7506,-68.5145,-23.97,96,64,1.31,CA,1710814019
26,ilulissat,69.2167,-51.1,-17.99,55,13,1.54,GL,1710814019
27,nagqu,31.5,92.0,-6.43,81,100,2.41,CN,1710814019
28,la passe,45.5549,-0.8967,9.99,88,98,1.39,FR,1710814019
29,bodo,67.28,14.405,3.76,70,75,2.06,NO,1710813729
30,nemuro,43.3236,145.575,-2.26,66,38,12.33,JP,1710814020
31,margaret river,-33.95,115.0667,17.68,39,0,5.5,AU,1710814020
32,hlusk,52.903,28.6845,4.12,97,100,4.17,BY,1710814020
33,edinburgh of the seven seas,-37.0676,-12.3116,18.8,91,100,7.23,SH,1710814020
34,dudinka,69.4058,86.1778,-21.8,100,98,3.71,RU,1710814020
35,luwuk,-0.9516,122.7875,30.05,70,92,1.31,ID,1710814020
36,uturoa,-16.7333,-151.4333,28.83,64,94,1.58,PF,1710814020
37,nogliki,51.8333,143.1667,-6.05,89,100,6.14,RU,1710814020
38,blagoveshchensk,50.2667,127.5333,-7.66,45,20,2.0,RU,1710814020
39,alta,69.9689,23.2717,-1.41,93,75,3.09,NO,1710814020
40,newman,37.3138,-121.0208,22.13,69,11,1.91,US,1710814020
41,bethel,41.3712,-73.414,4.17,53,100,3.09,US,1710814020
42,kushiro,42.975,144.3747,1.53,47,20,8.23,JP,1710814020
43,constantia,44.1833,28.65,1.38,87,98,3.07,RO,1710813782
44,bocanda,7.0626,-4.4995,26.0,85,4,2.0,CI,1710814021
45,olonkinbyen,70.9221,-8.7187,-3.48,90,100,16.59,SJ,1710814021
46,hamburg,53.55,10.0,5.55,73,75,5.14,DE,1710813922
47,revda,56.801,59.9303,-6.52,93,100,3.55,RU,1710814021
48,crucecita,-28.95,-58.9833,26.62,88,64,2.52,AR,1710814021
49,yovon,38.3141,69.0378,11.82,55,100,2.77,TJ,1710814021
50,nyurba,63.2842,118.3319,-3.64,93,100,6.41,RU,1710814021
51,qaqortoq,60.7167,-46.0333,-17.36,84,19,3.53,GL,1710814021
52,port elizabeth,-33.918,25.5701,19.62,88,55,0.89,ZA,1710814021
53,happy valley-goose bay,53.3168,-60.3315,-1.93,95,100,4.36,CA,1710814022
54,puerto natales,-51.7236,-72.4875,2.89,91,97,1.08,CL,1710814022
55,lihue,21.9789,-159.3672,26.58,68,100,4.12,US,1710814022
56,atafu village,-8.5421,-172.5159,29.5,73,95,3.23,TK,1710814022
57,ribeira grande,38.5167,-28.7,14.87,78,58,1.79,PT,1710813750
58,avarua,-21.2078,-159.775,29.03,74,40,3.09,CK,1710814022
59,talnakh,69.4865,88.3972,-21.4,97,100,3.63,RU,1710814022
60,tambacounda,13.7539,-13.7586,29.36,11,33,2.38,SN,1710814022
61,letlhakeng,-24.0944,25.0298,18.74,73,3,3.0,BW,1710814022
62,hotan,37.0997,79.9269,7.11,21,98,0.93,CN,1710814022
63,touros,-5.1989,-35.4608,27.87,79,53,4.36,BR,1710814022
64,enewetak,11.3474,162.3373,27.42,79,56,4.43,MH,1710814023
65,saint-philippe,-21.3585,55.7679,24.77,82,74,5.08,RE,1710814023
66,saldanha,-33.0117,17.9442,17.07,94,97,5.31,ZA,1710814023
67,barcelos,41.5388,-8.6151,14.91,94,43,1.52,PT,1710814023
68,moree,-29.4667,149.85,29.97,44,0,3.79,AU,1710814023
69,yigo village,13.5361,144.8886,30.62,63,20,7.2,GU,1710814023
70,saipan,15.1355,145.701,29.39,54,40,6.69,MP,1710814023
71,keflavik,64.0049,-22.5624,0.24,59,75,10.8,IS,1710814023
72,college,64.8569,-147.8028,-7.74,58,75,1.54,US,1710813937
73,st. john's,47.5649,-52.7093,1.2,96,75,8.75,CA,1710813920
74,lexington,37.9887,-84.4777,0.64,58,7,1.34,US,1710813831
75,okhotsk,59.3833,143.3,-3.41,84,100,2.17,RU,1710814024
76,makhambet,47.6667,51.5833,0.07,90,8,3.33,KZ,1710814024
77,iquique,-20.2208,-70.1431,21.76,80,35,0.62,CL,1710814024
78,tazacorte,28.629,-17.9293,18.54,80,100,7.6,ES,1710814024
79,blackmans bay,-43.0167,147.3167,28.07,52,0,6.4,AU,1710813801
80,la ronge,55.1001,-105.2842,-1.86,69,75,7.72,CA,1710813781
81,arish,31.1316,33.7984,14.01,77,68,9.31,EG,1710814024
82,port blair,11.6667,92.75,27.02,89,0,1.03,IN,1710814025
83,kodiak,57.79,-152.4072,1.73,64,0,2.06,US,1710813785
84,ust-nera,64.5667,143.2,-12.42,92,100,2.4,RU,1710814025
85,saint-francois,46.4154,3.9054,5.93,94,0,1.03,FR,1710814025
86,cidreira,-30.1811,-50.2056,24.17,92,98,7.54,BR,1710813754
87,kragero,58.8693,9.4149,0.25,71,45,1.48,NO,1710814025
88,iskateley,67.6803,53.1512,-17.88,93,10,2.95,RU,1710814025
89,quang ngai,15.1167,108.8,27.21,68,72,1.81,VN,1710814025
90,geneina,13.45,22.45,22.62,29,42,9.54,SD,1710814025
91,hasaki,35.7333,140.8333,8.22,35,100,3.71,JP,1710814025
92,bamboo flat,11.7,92.7167,27.05,89,0,1.03,IN,1710813856
93,moyale,3.5167,39.0584,22.31,47,53,3.52,KE,1710814026
94,sorong,-0.8833,131.25,28.37,72,98,3.23,ID,1710813924
95,papatowai,-46.5619,169.4708,13.53,57,27,3.47,NZ,1710814026
96,aasiaat,68.7098,-52.8699,-28.46,96,32,2.71,GL,1710814026
97,afaahiti,-17.75,-149.2833,28.93,74,100,3.37,PF,1710814026
98,kangding,30.0513,101.9603,3.99,68,97,2.36,CN,1710814026
99,vorgashor,67.5833,63.95,-15.9,89,100,10.43,RU,1710814026
100,plettenberg bay,-34.0527,23.3716,17.96,78,100,2.36,ZA,1710814026
101,pimentel,-6.8367,-79.9342,25.16,73,100,4.63,PE,1710814026
102,pozo del molle,-32.0186,-62.9198,24.49,94,39,3.03,AR,1710813906
103,kapa'a,22.0752,-159.319,26.99,68,100,4.12,US,1710814026
104,albany,42.6001,-73.9662,2.23,66,66,0.89,US,1710813825
105,moroto,2.5345,34.6666,23.81,47,100,2.09,UG,1710814027
106,hithadhoo,-0.6,73.0833,28.73,71,26,4.59,MV,1710814027
107,sarupathar,26.1984,93.8094,24.9,29,39,0.98,IN,1710814027
108,ketchikan,55.3422,-131.6461,8.26,81,75,2.06,US,1710814027
109,luga,58.7372,29.8453,-0.12,95,100,1.25,RU,1710814027
110,saint-louis,16.3333,-15.0,25.52,12,0,4.57,SN,1710813743
111,as sulayyil,20.4607,45.5779,27.14,32,42,2.99,SA,1710814027
112,naze,28.3667,129.4833,14.51,78,99,6.79,JP,1710813728
113,sanya,18.2431,109.505,27.09,74,40,4.0,CN,1710813954
114,kerikeri,-35.2268,173.9474,22.17,53,12,6.04,NZ,1710814027
115,zag,46.9441,99.165,-14.93,74,7,1.39,MN,1710814027
116,tura,25.5198,90.2201,27.3,31,53,0.69,IN,1710814028
117,puerto baquerizo moreno,-0.9,-89.6,27.35,79,100,1.39,EC,1710813748
118,juneau,58.3019,-134.4197,7.0,93,100,3.6,US,1710813882
119,kutum,14.2,24.6667,19.51,31,100,6.87,SD,1710814028
120,dampit,-8.2116,112.7493,27.69,60,21,2.42,ID,1710814028
121,badger,64.8,-147.5333,-7.79,60,75,1.54,US,1710814028
122,bilibino,68.0546,166.4372,-13.59,72,5,1.07,RU,1710814028
123,price,39.5994,-110.8107,11.59,25,0,1.54,US,1710813989
124,dakar,14.6937,-17.4441,20.07,94,77,3.09,SN,1710813871
125,salinopolis,-0.6136,-47.3561,26.0,89,99,3.84,BR,1710813974
126,stanley,54.868,-1.6985,10.16,81,75,6.69,GB,1710814020
127,tannum sands,-23.9504,151.3693,29.94,58,40,6.17,AU,1710814029
128,mosfellsbaer,64.1667,-21.7,0.01,85,100,6.69,IS,1710814029
129,arraial do cabo,-22.9661,-42.0278,25.27,89,54,2.48,BR,1710814029
130,nar'yan-mar,67.6713,53.087,-17.64,93,10,2.98,RU,1710814029
131,gonzaga,44.9498,10.8209,11.7,95,36,2.22,IT,1710814029
132,urengoy,65.9667,78.3667,-23.07,100,96,2.93,RU,1710814029
133,east london,-33.0153,27.9116,19.44,86,1,3.76,ZA,1710814029
134,princeville,45.7668,-61.2985,2.4,89,99,0.45,CA,1710814029
135,al burayqah,30.4062,19.5739,14.99,73,0,1.97,LY,1710814029
136,lorengau,-2.0226,147.2712,26.37,86,100,3.13,PG,1710814029
137,hammerfest,70.6634,23.6821,-2.75,93,75,2.06,NO,1710814030
138,georgetown,5.4112,100.3354,30.53,69,20,3.6,MY,1710813985
139,durg,21.1833,81.2833,23.1,62,9,3.25,IN,1710814030
140,mochudi,-24.4167,26.15,18.36,79,43,2.04,BW,1710814030
141,qalat,32.1058,66.9083,10.68,59,0,0.09,AF,1710813857
142,brandon,27.9378,-82.2859,21.92,86,0,2.57,US,1710813973
143,pyhajarvi,67.0701,27.2176,-6.58,94,97,3.5,FI,1710814030
144,susuman,62.7833,148.1667,-11.12,82,100,0.89,RU,1710814030
145,namtsy,62.7161,129.6658,-13.48,91,94,3.08,RU,1710814030
146,khandyga,62.6667,135.6,-11.24,89,72,0.33,RU,1710814030
147,belomorsk,64.5232,34.7668,-5.37,70,61,4.77,RU,1710814030
148,grafton,42.207,-71.6856,3.0,56,0,6.17,US,1710814030
149,mar del plata,-38.0023,-57.5575,19.01,76,100,5.14,AR,1710813753
150,sandnessjoen,66.0217,12.6316,-1.71,61,98,5.68,NO,1710814031
151,west island,-12.1568,96.8225,28.99,79,1,3.09,CC,1710814031
152,petropavlovsk-kamchatsky,53.0452,158.6483,1.33,86,75,22.35,RU,1710814031
153,miyako,39.6367,141.9525,5.98,33,36,6.08,JP,1710814031
154,taltal,-25.4,-70.4833,19.84,84,30,1.41,CL,1710814031
155,eenhana,-17.4667,16.3333,22.63,52,72,2.05,NA,1710814031
156,ongole,15.5,80.05,25.83,74,1,2.63,IN,1710814031
157,kapuskasing,49.4169,-82.4331,-8.95,67,100,1.54,CA,1710813758
158,hobyo,5.3505,48.5268,26.97,69,10,5.15,SO,1710814031
159,robertsport,6.7533,-11.3686,26.97,92,51,4.19,LR,1710814031
160,trairi,-3.2778,-39.2689,25.53,91,93,2.4,BR,1710813962
161,hamilton,39.1834,-84.5333,1.15,58,100,6.69,US,1710814032
162,selfoss,63.9331,-20.9971,-0.53,78,72,6.76,IS,1710814032
163,puerto ayora,-0.7393,-90.3518,28.08,91,100,1.79,EC,1710813999
164,mahibadhoo,3.7833,72.9667,28.39,69,1,5.11,MV,1710814032
165,harper,4.375,-7.7169,27.35,89,54,2.07,LR,1710814032
166,anatuya,-28.4606,-62.8347,27.68,75,98,3.15,AR,1710814032
167,bam,29.106,58.357,21.33,38,100,2.83,IR,1710814032
168,kirensk,57.7853,108.1119,-2.24,97,100,4.47,RU,1710814032
169,yellowknife,62.456,-114.3525,-17.71,50,20,3.6,CA,1710813831
170,hawaiian paradise park,19.5933,-154.9731,23.73,73,100,3.09,US,1710814032
171,klaksvik,62.2266,-6.589,7.51,94,100,16.02,FO,1710814032
172,isafjordur,66.0755,-23.124,0.16,98,100,14.58,IS,1710814033
173,noshiro,40.2039,140.0242,4.49,47,96,4.95,JP,1710814033
174,queenstown,-31.8976,26.8753,14.67,68,3,1.5,ZA,1710814033
175,fort mcmurray,56.7268,-111.381,-5.27,68,100,5.66,CA,1710814027
176,cabo san lucas,22.8909,-109.9124,23.61,67,20,3.09,MX,1710813903
177,ouesso,1.6136,16.0517,22.35,95,100,1.06,CG,1710814033
178,aykhal,66.0,111.5,-17.66,87,7,8.4,RU,1710814033
179,yilan,24.757,121.753,14.95,84,100,2.67,TW,1710813984
180,kone,-21.0595,164.8658,30.59,67,62,3.77,NC,1710814033
181,invercargill,-46.4,168.35,15.57,63,36,2.24,NZ,1710813749
182,whitehorse,60.7161,-135.0538,4.89,50,100,0.45,CA,1710814033
183,kapenguria,1.2511,35.0895,16.27,59,57,2.31,KE,1710814033
184,anadyr,64.75,177.4833,-22.72,76,0,2.0,RU,1710814034
185,suva,-18.1416,178.4415,30.71,66,75,3.09,FJ,1710814034
186,new norfolk,-42.7826,147.0587,28.72,37,7,5.64,AU,1710814034
187,kashgar,39.4547,75.9797,5.98,25,45,1.06,CN,1710814034
188,san fernando,15.0286,120.6898,28.85,42,52,3.24,PH,1710813800
189,qamdo,31.1667,97.2333,-1.11,39,28,3.35,CN,1710814034
190,dungarvan,52.0881,-7.6253,10.54,100,44,2.68,IE,1710814034
191,langxiang,46.95,128.8833,-2.41,45,100,0.96,CN,1710814034
192,gorom-gorom,14.4439,-0.2361,24.76,12,0,4.64,BF,1710814034
193,pelabuhan klang,3.0,101.4,31.1,71,34,1.54,MY,1710813755
194,pahrump,36.2083,-115.9839,19.97,23,3,1.79,US,1710813887
195,laoang,12.5,125.0167,27.39,74,75,2.57,PH,1710814035
196,vilyuysk,63.7553,121.6247,-8.33,85,100,8.05,RU,1710814035
197,vallenar,-28.5708,-70.7581,21.51,51,0,1.33,CL,1710814035
198,kulhudhuffushi,6.6221,73.07,28.25,76,9,5.15,MV,1710814035
199,winburg,-28.518,27.0093,14.84,59,47,2.36,ZA,1710814035
200,trapani,37.8333,12.6667,12.38,85,2,2.53,IT,1710814035
201,pisco,-13.7,-76.2167,23.03,83,0,5.66,PE,1710813861
202,bengkulu,-3.8004,102.2655,27.85,72,1,0.95,ID,1710813735
203,yangambi,0.8102,24.4336,23.14,81,20,1.19,CD,1710814035
204,annandale,38.8304,-77.1964,3.91,41,40,6.69,US,1710814035
205,pocahontas,36.2615,-90.9712,4.47,46,0,2.57,US,1710814035
206,san juan de miraflores,-12.1629,-76.9635,26.21,73,100,3.22,PE,1710814036
207,thompson,55.7435,-97.8558,-7.3,87,91,7.01,CA,1710814018
208,orzysz,53.8097,21.9481,2.28,86,100,2.82,PL,1710814036
209,neryungri,56.6709,124.6491,-15.53,87,61,0.74,RU,1710814036
210,vorkuta,67.5,64.0,-15.47,88,100,10.38,RU,1710814036
211,lebu,-37.6167,-73.65,12.11,86,100,3.1,CL,1710814036
212,swakopmund,-22.6833,14.5333,18.32,83,98,2.36,NA,1710814036
213,gamba,-2.65,10.0,26.53,90,100,1.41,GA,1710814036
214,lagoa,39.05,-27.9833,14.63,68,68,11.34,PT,1710814036
215,wailua homesteads,22.0669,-159.378,26.24,68,100,4.12,US,1710814036
216,nago,26.5881,127.9761,19.47,87,100,5.19,JP,1710814037
217,korla,41.7597,86.1469,5.53,36,0,1.52,CN,1710814037
218,ocean city,39.2776,-74.5746,4.44,48,55,4.92,US,1710814037
219,mount pearl,47.5166,-52.7813,0.74,95,90,4.02,CA,1710814037
220,port mathurin,-19.6833,63.4167,26.33,76,3,8.12,MU,1710814037
221,punta arenas,-53.15,-70.9167,1.06,93,20,1.54,CL,1710814037
222,tokar,18.4254,37.729,26.64,74,100,3.78,SD,1710814037
223,toamasina,-18.1667,49.3833,24.0,94,40,2.57,MG,1710814037
224,horta,38.5333,-28.6333,14.45,78,61,1.79,PT,1710814037
225,kamaishi,39.2667,141.8833,5.5,32,36,3.24,JP,1710814038
226,awjilah,29.1081,21.2869,12.82,73,0,3.02,LY,1710814038
227,slawharad,53.4446,31.0014,3.36,97,100,4.47,BY,1710814038
228,presidencia de la plaza,-27.0015,-59.8424,30.2,67,100,4.17,AR,1710814038
229,kokopo,-4.352,152.2633,28.2,81,82,3.49,PG,1710814038
230,smithers,54.7804,-127.1743,4.36,91,100,0.68,CA,1710814016
231,cherryville,53.1569,-6.9667,10.31,91,52,5.84,IE,1710814038
232,carutapera,-1.195,-46.02,25.47,91,98,2.63,BR,1710814038
233,vilyuchinsk,52.9306,158.4028,2.15,84,97,9.82,RU,1710814038
234,larkird,35.4894,66.6641,5.52,69,69,3.86,AF,1710814039
235,tuchola,53.5879,17.8591,1.33,87,64,1.34,PL,1710814039
236,choyr,46.3611,108.3611,-8.62,74,4,2.81,MN,1710814039
237,vila franca do campo,37.7167,-25.4333,18.27,99,72,8.37,PT,1710814039
238,kaa-khem,51.6833,94.7333,-12.55,87,76,0.84,RU,1710814039
239,usinsk,65.9939,57.5281,-12.74,84,34,5.81,RU,1710814039
240,kuanda,56.3161,116.0806,-12.19,87,99,0.57,RU,1710814039
241,suntar,62.1444,117.6319,-3.0,94,100,5.28,RU,1710814039
242,whangarei,-35.7317,174.3239,19.89,40,0,3.58,NZ,1710813829
243,arteche,12.2645,125.4048,26.63,79,93,3.56,PH,1710814040
244,coquimbo,-29.9533,-71.3436,17.61,84,4,1.04,CL,1710814027
245,diamantino,-14.4086,-56.4461,27.15,67,82,1.69,BR,1710813831
246,el calafate,-50.3408,-72.2768,5.35,79,100,1.65,AR,1710814040
247,alice springs,-23.7,133.8833,36.23,24,62,3.6,AU,1710814040
248,gizo,-8.103,156.8419,29.46,70,47,2.63,SB,1710814040
249,remire-montjoly,4.9167,-52.2667,28.02,78,75,4.63,GF,1710814040
250,la'ie,21.6477,-157.9253,25.0,71,58,3.13,US,1710814040
251,motueka,-41.1333,173.0167,19.5,52,46,4.2,NZ,1710813789
252,gjirokaster,40.0758,20.1389,11.44,85,100,1.06,AL,1710814040
253,bandiagara,14.3501,-3.6104,27.34,10,97,5.52,ML,1710814041
254,carbonear,47.7332,-53.2148,1.46,93,46,6.03,CA,1710814041
255,sao jose do rio pardo,-21.5956,-46.8886,22.88,80,95,1.07,BR,1710813830
256,valparaiso,-33.0393,-71.6273,19.44,53,0,2.57,CL,1710813888
257,bardai,11.65,7.2333,20.63,14,4,3.9,NG,1710814041
258,kavieng,-2.5744,150.7967,25.94,88,100,4.84,PG,1710814041
259,kilindoni,-7.9139,39.6668,27.56,79,100,3.68,TZ,1710814041
260,natchitoches,31.7668,-93.1335,8.99,43,0,2.57,US,1710814041
261,dailekh,28.8333,81.6667,17.35,29,57,1.82,NP,1710814041
262,oranjemund,-28.55,16.4333,16.71,88,60,2.45,NA,1710814041
263,arkhangel'sk,64.5401,40.5433,-2.15,53,0,3.0,RU,1710814041
264,kukawa,12.9234,13.5606,23.07,35,16,6.75,NG,1710814041
265,nacala,-14.5428,40.6728,22.63,91,100,3.18,MZ,1710814041
266,pakosc,52.8018,18.0853,2.0,83,99,1.78,PL,1710814042
267,mili,6.0815,171.735,27.47,84,45,6.31,MH,1710814042
268,athens,37.9795,23.7162,15.18,86,100,1.34,GR,1710813901
269,dong ha,16.8163,107.1003,25.67,78,86,2.4,VN,1710814042
270,bereket,39.2446,55.5154,15.52,47,100,2.75,TM,1710814042
271,ruidoso,33.3317,-105.673,5.53,86,75,2.57,US,1710814042
272,ghat,24.9647,10.1728,16.03,29,0,1.56,LY,1710814042
273,kahama,-3.8333,32.6,17.65,97,88,2.03,TZ,1710814042
274,chernyshevskiy,63.0128,112.4714,-10.68,86,75,5.51,RU,1710814042
275,rongelap,11.1635,166.8941,26.99,80,100,7.33,MH,1710814042
276,tazovsky,67.4667,78.7,-23.96,99,80,3.12,RU,1710814042
277,verkhnevilyuysk,63.4453,120.3167,-6.21,93,100,6.69,RU,1710814042
278,carnarvon,-24.8667,113.6333,29.34,62,100,6.09,AU,1710814042
279,carolina beach,34.0352,-77.8936,14.49,60,100,6.75,US,1710814043
280,manicore,-5.8092,-61.3003,23.24,99,100,0.3,BR,1710814043
281,amungan,15.3652,119.9582,29.02,49,12,3.44,PH,1710814043
282,polyarnyy,69.1989,33.4478,-1.29,92,100,4.22,RU,1710814043
283,isla mujeres,21.2311,-86.731,27.03,86,21,3.63,MX,1710814043
284,camargo,27.6667,-105.1667,15.68,60,51,9.7,MX,1710814043
285,gilgit,35.9221,74.3087,2.68,52,26,1.65,PK,1710814043
286,beloyarskiy,63.7119,66.6722,-8.24,88,100,5.82,RU,1710814043
287,varkaus,62.3153,27.873,-12.05,98,62,1.06,FI,1710814043
288,vernon,50.2581,-119.2691,13.85,45,8,1.05,CA,1710814043
289,bubaque,11.2833,-15.8333,24.52,68,2,6.47,GW,1710814043
290,quezon,7.7303,125.0989,30.83,47,99,1.41,PH,1710814044
291,bhachau,23.2833,70.35,24.03,30,23,3.58,IN,1710814044
292,smara,26.7384,-11.6719,20.25,42,0,2.25,EH,1710814038
293,agbabu,6.5886,4.8343,26.16,93,50,1.39,NG,1710814044
294,san luis,-33.295,-66.3356,20.85,83,70,4.59,AR,1710814004
295,san antonio de pale,-1.4014,5.6325,27.85,83,100,4.79,GQ,1710814044
296,zavodskoy,43.4597,132.2922,-0.23,92,75,0.0,RU,1710814044
297,severo-yeniseyskiy,60.3725,93.0408,-3.01,93,100,4.92,RU,1710814044
298,taroudant,30.4703,-8.877,19.97,20,0,1.73,MA,1710814044
299,tofol,5.3248,163.0078,28.88,79,75,1.54,FM,1710814044
300,oriximina,-1.7656,-55.8661,24.57,95,98,1.49,BR,1710814045
301,ancud,-41.8697,-73.8203,12.8,84,100,4.5,CL,1710814045
302,amahai,-3.3333,128.9167,30.58,57,65,1.2,ID,1710814045
303,sawakin,19.1059,37.3321,26.02,75,100,4.83,SD,1710814045
304,piti village,13.4626,144.6933,31.49,67,40,6.69,GU,1710814045
305,udachny,66.4167,112.4,-14.75,71,51,8.41,RU,1710814013
306,camalu,30.85,-116.0667,18.14,76,9,4.12,MX,1710814045
307,muli,2.9167,73.5667,28.47,69,1,4.1,MV,1710814045
308,guerrero negro,27.9769,-114.0611,17.28,64,7,5.9,MX,1710814045
309,minas de marcona,-15.2119,-75.1103,19.08,84,100,3.39,PE,1710814045
310,tosontsengel,48.7567,98.2839,-14.29,91,66,0.94,MN,1710814045
311,nuuk,64.1835,-51.7216,-8.66,92,100,3.6,GL,1710813840
312,fortuna,40.5982,-124.1573,12.74,92,100,0.89,US,1710814046
313,lerwick,60.1545,-1.1494,8.0,89,100,13.56,GB,1710814046
314,ust'-ilimsk,58.0006,102.6619,-0.31,83,100,3.13,RU,1710814046
315,bayanhongor,46.7167,100.1167,-14.47,74,6,0.44,MN,1710814046
316,walterboro,32.9052,-80.6668,15.0,35,0,5.14,US,1710814046
317,castillos,-34.1667,-53.8333,21.73,92,66,1.96,UY,1710814046
318,yekaterinoslavka,50.3734,129.1139,-9.13,76,19,2.36,RU,1710814046
319,haiku-pauwela,20.9219,-156.3051,25.01,66,20,8.23,US,1710814046
320,ayang-ni,38.2431,125.78,7.87,72,94,4.87,KP,1710814046
321,utrik,11.2278,169.8474,26.62,78,100,6.67,MH,1710814046
322,muroto-misakicho,33.2833,134.15,11.9,62,99,3.27,JP,1710814046
323,tianpeng,30.9866,103.9393,16.2,42,99,2.18,CN,1710814047
324,sao gabriel da cachoeira,-0.1303,-67.0892,25.65,84,88,1.12,BR,1710814047
325,inverell,-29.7833,151.1167,29.81,54,2,1.34,AU,1710814047
326,klyuchi,52.2667,79.1667,-3.43,84,100,4.53,RU,1710814047
327,energetik,51.7445,58.7934,-5.47,97,100,1.75,RU,1710814047
328,cabedelo,-6.9811,-34.8339,28.37,81,37,5.33,BR,1710813891
329,along,28.1667,94.7667,21.24,50,11,0.71,IN,1710814047
330,alofi,-19.0595,-169.9187,28.94,89,75,4.12,NU,1710814047
331,acapulco de juarez,16.8634,-99.8901,23.9,88,75,4.12,MX,1710813820
332,barra,-11.0894,-43.1417,26.32,61,98,1.44,BR,1710813954
333,urangan,-25.3,152.9,26.58,72,12,5.37,AU,1710814048
334,virginia,37.5481,-77.4467,8.35,36,75,7.2,US,1710813970
335,konarka,19.9,86.1167,22.22,75,50,2.81,IN,1710814048
336,hengshui,37.7322,115.7011,11.97,13,0,3.41,CN,1710814048
337,kingston,17.997,-76.7936,25.67,84,1,0.95,JM,1710814009
338,colonia,50.9333,6.95,9.98,83,100,1.28,DE,1710814048
339,saarijarvi,62.7049,25.254,-14.91,98,65,1.39,FI,1710814048
340,eydhafushi,5.1033,73.0708,28.19,70,63,3.97,MV,1710814048
341,betio village,1.358,172.9211,32.02,76,33,3.29,KI,1710814049
342,capo d'orlando,38.1435,14.7305,11.9,58,0,0.74,IT,1710813766
343,port lincoln,-34.7333,135.8667,20.46,66,99,6.86,AU,1710814049
344,tawau,4.2498,117.8871,29.07,74,11,2.68,MY,1710813980
345,mahina,-17.5065,-149.489,29.87,70,100,3.09,PF,1710814049
346,siverek,37.755,39.3167,7.92,93,100,4.43,TR,1710814049
347,aripuana,-9.1667,-60.6333,23.35,99,100,0.97,BR,1710814049
348,tashtyp,52.7939,89.8983,-1.16,82,55,1.0,RU,1710814049
349,sechura,-5.5569,-80.8222,25.8,67,75,4.28,PE,1710814049
350,tidjikja,18.5564,-11.4271,24.85,10,4,5.18,MR,1710814050
351,arys,42.4252,68.795,9.91,82,100,2.78,KZ,1710814050
352,codrington,-38.2667,141.9667,18.82,77,100,7.1,AU,1710814050
353,bogande,12.9714,-0.1436,26.22,13,66,4.48,BF,1710814050
354,fisterra,42.9049,-9.2629,9.3,79,100,3.04,ES,1710814050
355,nova sintra,14.8667,-24.7167,19.58,80,100,11.5,CV,1710814050
356,huaicheng,23.9051,112.1931,15.76,66,90,1.99,CN,1710813900
357,tual,-5.6667,132.75,28.39,79,42,6.13,ID,1710814039
358,kill devil hills,36.0307,-75.676,9.43,69,100,2.06,US,1710814050
359,porto novo,6.4965,2.6036,29.9,83,90,3.34,BJ,1710813971
360,goz beida,13.95,20.55,24.29,24,100,5.22,TD,1710814050
361,wanlaweyn,2.6185,44.8938,26.04,71,52,4.18,SO,1710814051
362,puyo,-1.4667,-77.9833,20.0,94,100,1.35,EC,1710814051
363,tabou,4.423,-7.3528,27.14,90,36,2.44,CI,1710814051
364,sittwe,20.15,92.9,26.25,58,1,1.88,MM,1710814051
365,moyynkum,44.2914,72.9469,8.76,56,60,1.9,KZ,1710814051
366,howrah,22.5892,88.3103,25.0,73,40,2.06,IN,1710814051
367,praia da vitoria,38.7333,-27.0667,14.86,87,20,10.67,PT,1710814051
368,lewistown,40.5992,-77.5714,1.77,79,100,5.66,US,1710813837
369,ondangwa,-17.9167,15.95,25.87,44,88,0.08,NA,1710814051
370,edwards,39.645,-106.5942,8.38,77,3,1.23,US,1710813807
371,melekeok village,7.4957,134.6367,27.43,83,100,5.57,PW,1710814052
372,carauari,-4.8828,-66.8958,23.13,98,100,1.3,BR,1710813754
373,midvagur,62.0511,-7.1939,7.46,100,100,10.29,FO,1710814052
374,sitka,57.0531,-135.33,7.94,81,100,2.57,US,1710814013
375,kristiansund,63.1115,7.732,6.36,52,75,2.57,NO,1710814052
376,nieuw amsterdam,5.8833,-55.0833,26.09,83,87,3.96,SR,1710814052
377,hemsby,52.6971,1.6918,10.79,94,83,5.81,GB,1710814052
378,kosh-agach,50.0,88.6667,-15.94,92,71,0.45,RU,1710814052
379,namsos,64.4662,11.4957,1.03,74,62,5.66,NO,1710814052
380,nakuru,-0.2833,36.0667,16.28,71,84,0.52,KE,1710814052
381,port moresby,-9.4431,147.1797,29.15,69,92,3.75,PG,1710814036
382,monywa,22.1167,95.1333,29.99,23,6,3.05,MM,1710814052
383,bonoua,5.2741,-3.595,28.79,88,21,2.04,CI,1710814053
384,kurmuk,10.55,34.2833,28.71,34,85,1.27,SD,1710814053
385,maxixe,-23.8597,35.3472,22.57,91,1,2.1,MZ,1710814053
386,yerofey pavlovich,53.9667,121.9667,-6.74,66,11,1.9,RU,1710814053
387,dame-marie,18.5667,-74.4167,25.37,79,1,0.88,HT,1710814053
388,muynoq,43.7683,59.0214,10.36,50,100,2.0,UZ,1710814053
389,sena madureira,-9.0656,-68.6569,23.35,98,84,1.27,BR,1710814053
390,crane,31.3974,-102.3501,12.49,47,75,5.47,US,1710814010
391,mejit,10.2753,170.8646,26.74,77,54,6.82,MH,1710814053
392,hadibu,12.65,54.0333,24.29,74,12,2.48,YE,1710814053
393,khao yoi,13.2403,99.8243,32.78,46,9,2.22,TH,1710814053
394,forster,-32.1667,152.5167,26.32,77,9,6.04,AU,1710814054
395,mokhsogollokh,61.4681,128.9203,-12.65,89,89,1.96,RU,1710814054
396,linqiong,30.4159,103.4609,15.36,56,86,2.01,CN,1710814054
397,ribeira brava,32.65,-17.0667,17.62,80,86,1.51,PT,1710814054
398,hilo,19.7297,-155.09,25.16,76,100,3.09,US,1710813813
399,bandon,51.7469,-8.7425,7.77,95,23,3.97,IE,1710814054
400,san patricio,28.017,-97.5169,19.35,56,44,4.99,US,1710814054
401,aleksandrov gay,50.147,48.5704,-4.83,93,15,2.75,RU,1710814054
402,ingeniero jacobacci,-41.3427,-69.5448,11.37,43,95,4.67,AR,1710814054
403,vyborg,60.7076,28.7528,-3.37,81,100,1.02,RU,1710814054
404,fort bragg,35.139,-79.006,13.75,25,100,8.75,US,1710814054
405,armacao de buzios,-22.7469,-41.8817,27.03,91,90,1.56,BR,1710813911
406,chos malal,-37.3781,-70.2709,16.77,26,100,1.22,AR,1710814054
407,christchurch,-43.5333,172.6333,16.34,51,20,4.12,NZ,1710813879
408,pimenta bueno,-11.6725,-61.1936,24.5,96,95,1.49,BR,1710813996
409,taroa,8.7058,171.2275,26.88,83,99,7.33,MH,1710814055
410,port augusta,-32.5,137.7667,25.04,50,4,8.58,AU,1710814055
411,natal,-5.795,-35.2094,27.36,89,20,2.06,BR,1710814015
412,nong khae,14.3406,100.8673,32.37,55,61,4.79,TH,1710814055
413,lensk,60.7253,114.9278,-2.9,92,100,6.32,RU,1710814055
414,nasice,45.4886,18.0878,7.08,75,100,2.21,HR,1710814055
415,miranda,3.2499,-76.2281,20.68,91,60,2.25,CO,1710814055
416,bafoulabe,13.8065,-10.8321,30.55,7,32,1.27,ML,1710814055
417,walvis bay,-22.9575,14.5053,18.38,73,96,2.76,NA,1710814055
418,tarakan,3.3,117.6333,28.72,74,40,3.09,ID,1710814055
419,huarmey,-10.0681,-78.1522,23.38,80,100,3.81,PE,1710814055
420,kudahuvadhoo,2.6708,72.8944,28.42,70,11,4.6,MV,1710814055
421,tindwari,25.6167,80.5333,24.04,13,89,0.55,IN,1710814056
422,vangviang,18.9333,102.45,33.17,42,23,1.52,LA,1710814056
423,anton lizardo,19.05,-95.9833,27.34,89,58,5.48,MX,1710814056
424,sisimiut,66.9395,-53.6735,-17.39,75,18,4.13,GL,1710814056
425,papao,-17.75,-149.55,29.82,76,99,3.23,PF,1710814056
426,manadhoo,5.7667,73.3833,28.17,76,74,4.13,MV,1710814056
427,olinda,-8.0089,-34.8553,29.85,74,75,5.14,BR,1710813768
428,maun,-19.9833,23.4167,22.05,60,0,4.35,BW,1710814031
429,morehead city,34.7229,-76.726,12.77,80,20,1.54,US,1710814056
430,satsuma,30.8532,-88.0561,13.08,52,100,4.86,US,1710813786
431,sinjai,-5.1241,120.253,29.48,71,100,2.51,ID,1710814039
432,inarajan village,13.2736,144.7484,31.54,76,61,7.7,GU,1710814056
433,kapit,2.0167,112.9333,26.59,89,97,0.96,MY,1710814057
434,manado,1.487,124.8455,30.43,70,40,2.57,ID,1710814057
435,lamarque,-39.423,-65.7021,18.36,20,96,1.96,AR,1710814057
436,puerto santa,-8.9906,-78.6456,22.26,84,96,3.5,PE,1710814057
437,noosa heads,-26.3833,153.15,25.19,72,12,4.33,AU,1710813963
438,leeton,-34.5667,146.4,32.16,35,1,6.27,AU,1710814057
439,malpica,43.3228,-8.8105,11.32,72,86,1.36,ES,1710814057
440,turpan,42.9333,89.1667,12.62,15,6,0.86,CN,1710814057
441,vetluga,57.8557,45.781,-11.24,96,71,2.16,RU,1710814057
442,jiamusi,46.8333,130.35,-3.26,65,100,1.34,CN,1710814057
443,bechar,31.6167,-2.2167,17.69,24,51,2.01,DZ,1710814057
444,talara,-4.5772,-81.2719,25.42,78,0,4.12,PE,1710814057
445,maine soroa,13.2114,12.0241,21.53,30,4,4.2,NE,1710814057
446,kenai,60.5544,-151.2583,0.64,72,75,3.09,US,1710814058
447,vadso,70.0744,29.7487,-2.51,86,100,6.69,NO,1710814058
448,mount gambier,-37.8333,140.7667,20.82,49,96,5.02,AU,1710814058
449,gadzhiyevo,69.2551,33.3362,-1.67,92,100,4.02,RU,1710814058
450,nanlong,31.3533,106.0631,15.32,63,100,1.33,CN,1710814058
451,edgewater,28.9889,-80.9023,22.84,95,100,0.0,US,1710813984
452,mulayjah,27.271,48.4242,24.61,54,100,3.47,SA,1710814058
453,salekhard,66.53,66.6019,-11.51,77,54,8.79,RU,1710814058
454,vila velha,-20.3297,-40.2925,26.97,92,40,2.57,BR,1710813941
455,marka,1.7159,44.7717,26.79,75,20,6.08,SO,1710814058
456,opuwo,-18.0607,13.84,22.6,56,21,1.71,NA,1710814059
457,salinas,36.6777,-121.6555,18.68,80,0,4.12,US,1710813876
458,berezovyy,51.6667,135.7,-4.87,63,92,0.87,RU,1710814059
459,ashoknagar,24.5667,77.7167,21.73,17,2,1.39,IN,1710814059
460,zalingei,12.9096,23.4741,23.15,28,95,6.19,SD,1710814059
461,chegdomyn,51.1167,133.0167,-10.07,79,100,1.26,RU,1710814059
462,rabaul,-4.1967,152.1721,27.85,81,82,4.8,PG,1710814059
463,kidal,18.4411,1.4078,20.32,14,2,5.21,ML,1710814059
464,cannonvale,-20.2833,148.7,28.66,67,75,6.62,AU,1710814059
465,bel ombre,-4.6167,55.4167,28.19,74,94,3.66,SC,1710814059
466,songea,-10.6833,35.65,16.92,99,81,0.99,TZ,1710814059
467,senica,48.6792,17.367,2.51,73,9,2.09,SK,1710814060
468,ad dilinjat,30.8279,30.5363,10.79,85,3,3.78,EG,1710814060
469,grantsville,40.5999,-112.4644,13.71,37,0,0.0,US,1710814060
470,alo,7.4178,6.7371,28.9,58,100,1.46,NG,1710814060
471,kolobrzeg,54.1757,15.5834,2.76,80,21,2.61,PL,1710814060
472,riti,7.9167,9.6167,26.97,15,100,2.47,NG,1710814060
473,thames,-37.1333,175.5333,20.21,30,10,4.89,NZ,1710814060
474,kayangel,8.0823,134.7173,27.44,83,73,7.24,PW,1710814060
475,greenland,43.0362,-70.8328,4.5,57,75,5.14,US,1710814060
476,saudarkrokur,65.7461,-19.6394,0.83,95,96,2.13,IS,1710814060
477,howard springs,-12.497,131.047,32.15,73,100,6.46,AU,1710814060
478,barysh,53.6553,47.1123,-12.38,98,88,1.99,RU,1710814061
479,pokhara,28.2333,83.9833,20.88,14,0,0.41,NP,1710814061
480,carrigaline,51.8117,-8.3986,7.86,100,20,3.6,IE,1710814061
481,yoloten,37.2989,62.3597,15.79,52,80,5.12,TM,1710814061
482,dawson creek,55.7666,-120.2362,7.8,57,0,5.66,CA,1710813932
483,kupang,-10.1667,123.5833,31.32,84,40,4.63,ID,1710814061
484,nishinoomote,30.7333,131.0,12.9,87,100,5.83,JP,1710814061
485,santa terezinha,-29.9002,-50.0904,23.85,94,69,6.46,BR,1710814061
486,presidente epitacio,-21.7633,-52.1156,28.55,56,81,1.21,BR,1710814061
487,fale old settlement,-9.3852,-171.2468,29.66,73,100,3.82,TK,1710814061
488,quepos,9.4236,-84.1652,28.05,82,100,0.12,CR,1710814061
489,flin flon,54.7682,-101.865,-3.92,85,100,6.76,CA,1710813789
490,kawm umbu,24.4767,32.9463,15.83,38,0,3.89,EG,1710814062
491,yung shue wan,22.2333,114.1167,20.34,81,100,0.89,HK,1710814062
492,ituango,7.1712,-75.764,18.71,97,62,0.67,CO,1710814062
493,tateyama,34.9833,139.8667,7.8,40,100,1.85,JP,1710814062
494,inhambane,-23.865,35.3833,23.14,89,1,2.22,MZ,1710814062
495,nikel,69.4128,30.222,-2.9,98,100,1.02,RU,1710814062
496,novyye burasy,52.1324,46.0714,-11.62,95,90,2.39,RU,1710814062
497,lospalos,-8.5186,127.0025,28.02,70,100,2.23,TL,1710814062
498,inirida,3.8653,-67.9239,26.73,81,47,1.21,CO,1710814062
499,khovd,48.0056,91.6419,-1.9,34,5,0.52,MN,1710814062
500,island harbour,50.724,-1.2758,11.85,89,81,3.13,GB,1710814062
501,greenville,35.6127,-77.3663,12.09,37,100,2.57,US,1710813998
502,maardu,59.4767,25.025,0.57,86,100,1.03,EE,1710813966
503,san jose temascatio,20.6833,-101.2667,26.42,13,79,3.3,MX,1710814062
504,temiskaming shores,47.4938,-79.7153,-8.11,78,97,3.04,CA,1710814062
505,petauke,-14.2426,31.3253,18.36,82,48,2.62,ZM,1710814062
506,puerto penasco,31.3167,-113.5333,19.65,52,0,4.2,MX,1710814063
507,al jawf,29.5,38.75,12.01,78,32,5.62,SA,1710814063
508,shar,49.5886,81.0453,-2.41,79,100,6.96,KZ,1710814063
509,monrovia,6.3005,-10.7969,26.81,92,2,3.45,LR,1710814063
510,gisborne,-38.6533,178.0042,15.37,58,33,9.21,NZ,1710813995
511,barpathar,26.3,93.8667,24.85,29,35,0.86,IN,1710814063
512,woolgoolga,-30.1106,153.2007,28.91,72,13,3.24,AU,1710814063
513,chul'man,56.8479,124.9104,-17.41,91,78,0.55,RU,1710814063
514,iwanai,42.9744,140.5089,-0.41,60,76,5.56,JP,1710814063
515,livingstone,-17.8419,25.8543,19.34,68,0,1.88,ZM,1710814063
516,passo fundo,-28.2628,-52.4067,21.46,92,84,1.76,BR,1710813990
517,waingapu,-9.6567,120.2641,29.03,73,15,2.02,ID,1710814063
518,agua dulce,18.1333,-94.1333,25.27,88,2,5.09,MX,1710814064
519,port douglas,-16.4833,145.4667,26.99,90,100,4.97,AU,1710814031
520,neyriz,29.1988,54.3278,15.56,52,100,2.96,IR,1710814064
521,angaur state,6.906,134.13,27.2,84,97,5.71,PW,1710814064
522,paka,4.6374,103.4368,28.3,72,37,2.52,MY,1710814064
523,charters towers,-20.1,146.2667,29.25,56,100,7.47,AU,1710814064
524,lumut,4.2323,100.6298,28.53,70,28,1.78,MY,1710814064
525,anna regina,7.2644,-58.5077,26.88,78,100,5.03,GY,1710814064
526,kati,12.7441,-8.0726,29.67,11,50,1.42,ML,1710814064
527,makokou,0.5738,12.8642,21.96,98,99,1.16,GA,1710814064
528,prokop'yevsk,53.9059,86.719,-6.24,73,49,2.42,RU,1710814064
529,chui,-33.6971,-53.4616,21.93,97,65,2.38,UY,1710813974
530,rio gallegos,-51.6226,-69.2181,6.71,67,97,2.04,AR,1710814064
531,brezina,33.0989,1.2608,15.76,29,56,2.82,DZ,1710814064
532,feijo,-8.1642,-70.3536,23.74,96,100,1.38,BR,1710813852
533,afif,23.9065,42.9172,18.58,69,100,6.07,SA,1710814065
534,port shepstone,-30.7414,30.455,21.77,89,100,6.46,ZA,1710814065
535,kuta,-8.7233,115.1723,30.0,79,20,3.13,ID,1710814065
536,lahij,13.1667,44.5833,20.66,91,17,2.33,YE,1710814065
537,port saint john's,-31.6229,29.5448,19.79,89,49,3.21,ZA,1710814065
538,santa cruz,-17.8,-63.1667,25.7,83,25,5.66,BO,1710814065
539,nadi,-17.8,177.4167,25.0,94,100,4.12,FJ,1710814053
540,maceio,-9.6658,-35.7353,26.69,94,40,1.54,BR,1710813914
541,unai,-16.3575,-46.9061,24.49,75,17,0.77,BR,1710813832
542,meadow lake,34.8014,-106.5436,10.73,50,85,5.39,US,1710814065
543,laguna,38.421,-121.4238,22.99,48,0,3.09,US,1710814029
544,sengkang,-4.1279,120.0297,32.06,58,100,0.67,ID,1710814065
545,antofagasta,-23.65,-70.4,19.6,82,57,0.32,CL,1710813954
546,al bayda',32.7627,21.7551,8.53,95,83,4.9,LY,1710814066
547,callao,-12.0667,-77.15,27.07,83,20,4.63,PE,1710814051
548,khash,28.2211,61.2158,17.52,40,84,0.94,IR,1710814066
549,vel'sk,61.0701,42.0983,-11.52,96,29,1.34,RU,1710814066
550,revelstoke,50.9832,-118.2023,9.17,95,2,0.82,CA,1710814066
551,goondiwindi,-28.55,150.3167,30.73,39,0,2.15,AU,1710814066
552,alesd,47.0667,22.4167,1.23,78,3,1.4,RO,1710814067
553,usogorsk,63.4106,48.6872,-6.3,78,100,4.69,RU,1710814067
554,regina,50.4501,-104.6178,4.99,77,20,5.66,CA,1710813989
555,tamandare,-8.7597,-35.1047,27.36,80,100,3.02,BR,1710814067
556,novoural'sk,57.2439,60.0839,-9.67,95,96,2.67,RU,1710814067
557,yuzhno-kurilsk,44.0306,145.8556,-5.35,83,100,13.64,RU,1710814067
558,sylva,58.0348,56.7635,-7.35,99,21,1.42,RU,1710814067
559,caleta de carquin,-11.0925,-77.6267,22.73,84,100,3.58,PE,1710814067
560,acarau,-2.8856,-40.12,26.38,87,100,3.02,BR,1710814067
561,sinabang,2.4803,96.3801,27.74,77,35,0.99,ID,1710814067
562,menongue,-14.6585,17.691,16.3,93,30,1.07,AO,1710814068
563,antsiranana,-12.2787,49.2917,24.17,87,38,2.39,MG,1710814068
564,puerto deseado,-47.7503,-65.8938,12.13,78,37,4.58,AR,1710814068
565,tarauaca,-8.1614,-70.7656,23.94,95,100,1.28,BR,1710813778
566,richards bay,-28.783,32.0377,22.38,92,100,3.54,ZA,1710814068
